bioproject,manual_org
PRJNA259274,primate
PRJNA692042,primate
PRJEB34634,pig/other
PRJNA779106,pig/other
PRJEB39685,pig/other
PRJEB62878,pig/other
PRJEB32496,pig/other
PRJEB59119,pig/other
PRJNA506496,pig/other
PRJNA598414,pig/other
PRJNA734100,pig/other
PRJNA691978,pig/other
PRJNA623064,pig-associated
PRJNA681092,pig-associated
PRJNA1044412,pig-associated
PRJNA699174,pig-associated
PRJNA1146790,pig-associated
PRJNA892010,pig-associated
PRJEB21168,pig-associated
PRJNA982563,pig-associated
PRJNA662623,pig-associated
PRJNA677897,pig-associated
PRJNA640717,pig-associated
PRJNA1015378,pig-associated
PRJNA484080,pig-associated
PRJEB68161,pig-associated
PRJEB22062,pig or chicken
PRJEB26961,pig
PRJNA494875,pig
PRJNA526405,pig
PRJEB34736,pig
PRJNA1102664,pig
PRJEB12458,pig
PRJNA844237,pig
PRJNA737271,pig
PRJNA1163957,pig
PRJNA728379,pig
PRJNA801645,pig
PRJNA633392,pig
PRJNA796172,pig
PRJNA647157,pig
PRJNA951897,pig
PRJNA760651,pig
PRJNA853181,pig
PRJNA942432,pig
PRJNA999451,pig
PRJNA529503,pig
PRJNA784525,pig
PRJNA801755,pig
PRJNA471937,pig
PRJNA492489,pig
PRJNA633402,pig
PRJNA633399,pig
PRJNA1118426,pig
PRJNA847183,pig
PRJNA691721,pig
PRJNA356809,pig
PRJEB58441,other
PRJNA1082665,other
PRJEB51501,other
PRJEB70928,other
PRJNA824667,other
PRJEB14155,other
PRJNA723218,other
PRJNA656389,other
PRJNA734720,other
PRJEB23010,other
PRJNA1137832,other
PRJNA849338,other
PRJEB22765,other
PRJNA892768,other
PRJNA574851,other
PRJNA1092107,other
PRJNA733006,other
PRJEB31742,other
PRJNA726842,other
PRJEB42464,other
PRJNA595610,other
PRJNA956112,other
PRJNA693984,other
PRJNA217052,human
PRJEB39223,human
PRJNA1004982,human
PRJEB8094,human
PRJEB28097,human
PRJEB14847,human
PRJNA528511,human
PRJNA758252,human
PRJNA763692,human
PRJNA686265,human
PRJNA685797,human
PRJEB24041,human
PRJNA943687,human
PRJEB30834,human
PRJNA915251,human
PRJNA945408,human
PRJNA820119,human
PRJNA999635,human
PRJNA613947,human
PRJEB62817,human
PRJNA841806,human
PRJNA769968,human
PRJNA491335,human
PRJNA1130110,human
PRJNA662107,human
PRJEB34871,human
PRJEB70508,human
PRJEB15179,human
PRJEB32631,human
PRJNA412411,human
PRJNA657455,human
PRJNA682246,human
PRJNA739008,human
PRJNA1139229,human
PRJNA1177009,human
PRJNA634666,human
PRJNA995807,human
PRJEB37731,human
PRJNA1148078,human
PRJEB26357,human
PRJEB39500,human
PRJNA939514,human
PRJNA716780,human
PRJNA904924,human
PRJNA755324,human
PRJNA539933,human
PRJEB42363,human
PRJNA650228,human
PRJNA1082632,human
PRJNA890008,human
PRJEB32834,human
PRJNA862077,human
PRJNA728374,human
PRJNA528960,human
PRJNA485056,human
PRJEB22973,human
PRJEB47458,human
PRJNA1006089,human
PRJNA741822,human
PRJNA994318,human
PRJEB13870,human
PRJNA644666,human
PRJNA728908,human
PRJNA872328,human
PRJNA925857,human
PRJEB29127,human
PRJNA723432,human
PRJNA668357,human
PRJNA421881,human
PRJEB49428,human
PRJEB40628,human
PRJNA675598,human
PRJEB25008,human
PRJNA1030894,human
PRJNA625520,human
PRJEB38000,human
PRJNA793774,human
PRJNA1002577,human
PRJNA928744,human
PRJNA1165922,human
PRJEB35816,human
PRJNA738608,human
PRJEB11852,human
PRJNA347511,human
PRJEB6337,human
PRJEB50568,human
PRJNA1002411,human
PRJNA947933,human
PRJNA1008138,human
PRJEB22175,human
PRJNA782533,human
PRJNA393237,human
PRJNA722129,human
PRJNA613834,human
PRJNA541083,human
PRJEB29373,human
PRJNA770101,human
PRJNA818062,human
PRJNA432958,human
PRJNA902684,human
PRJNA983093,human
PRJNA913183,human
PRJNA773596,human
PRJNA563204,human
PRJNA811727,human
PRJNA722684,human
PRJNA562600,human
PRJNA692830,human
PRJNA1148628,human
PRJNA946412,human
PRJNA1065277,human
PRJNA947193,human
PRJNA475184,human
PRJNA861020,human
PRJNA385215,human
PRJNA983076,human
PRJNA663646,human
PRJNA855128,human
PRJNA756556,human
PRJNA524170,human
PRJNA777737,human
PRJNA809514,human
PRJNA1028770,human
PRJDB8987,human
PRJNA1151203,human
PRJNA637365,human
PRJNA812583,human
PRJNA511899,human
PRJNA813004,human
PRJNA690892,human
PRJNA529230,human
PRJNA491626,human
PRJNA673918,human
PRJNA778925,human
PRJNA773861,human
PRJNA907943,human
PRJNA974556,human
PRJNA542998,human
PRJNA386422,human
PRJNA564888,human
PRJNA658643,human
PRJDB11394,human
PRJNA894152,human
PRJNA848116,human
PRJNA1135953,human
PRJNA1112970,human
PRJNA884830,human
PRJNA856821,human
PRJNA772288,human
PRJNA772888,human
PRJNA755985,human
PRJNA750156,human
PRJNA730677,human
PRJNA723028,human
PRJNA657304,human
PRJNA593263,human
PRJNA557731,human
PRJNA497801,human
PRJNA446061,human
PRJNA444908,human
PRJNA444907,human
PRJNA444906,human
PRJNA444905,human
PRJNA444904,human
PRJNA444903,human
PRJNA444902,human
PRJNA444899,human
PRJNA444898,human
PRJNA444897,human
PRJNA405525,human
PRJNA1026631,human
PRJEB46212,human